CREATE DATABASE  IF NOT EXISTS `uchast` /*!40100 DEFAULT CHARACTER SET utf8mb4 COLLATE utf8mb4_0900_ai_ci */;
USE `uchast`;
-- MySQL dump 10.13  Distrib 8.0.13, for Win64 (x86_64)
--
-- Host: 127.0.0.1    Database: uchast
-- ------------------------------------------------------
-- Server version	8.0.13

/*!40101 SET @OLD_CHARACTER_SET_CLIENT=@@CHARACTER_SET_CLIENT */;
/*!40101 SET @OLD_CHARACTER_SET_RESULTS=@@CHARACTER_SET_RESULTS */;
/*!40101 SET @OLD_COLLATION_CONNECTION=@@COLLATION_CONNECTION */;
 SET NAMES utf8 ;
/*!40103 SET @OLD_TIME_ZONE=@@TIME_ZONE */;
/*!40103 SET TIME_ZONE='+00:00' */;
/*!40014 SET @OLD_UNIQUE_CHECKS=@@UNIQUE_CHECKS, UNIQUE_CHECKS=0 */;
/*!40014 SET @OLD_FOREIGN_KEY_CHECKS=@@FOREIGN_KEY_CHECKS, FOREIGN_KEY_CHECKS=0 */;
/*!40101 SET @OLD_SQL_MODE=@@SQL_MODE, SQL_MODE='NO_AUTO_VALUE_ON_ZERO' */;
/*!40111 SET @OLD_SQL_NOTES=@@SQL_NOTES, SQL_NOTES=0 */;

--
-- Table structure for table `disp`
--

DROP TABLE IF EXISTS `disp`;
/*!40101 SET @saved_cs_client     = @@character_set_client */;
 SET character_set_client = utf8mb4 ;
CREATE TABLE `disp` (
  `Id` int(11) NOT NULL AUTO_INCREMENT,
  `D_shifr` int(3) NOT NULL,
  `D_name` varchar(40) NOT NULL,
  `D_norm` int(3) NOT NULL,
  `D_lab` int(3) NOT NULL,
  `D_sem` int(1) NOT NULL,
  `D_type` varchar(40) NOT NULL,
  PRIMARY KEY (`Id`)
) ENGINE=InnoDB AUTO_INCREMENT=64 DEFAULT CHARSET=utf8mb4 COLLATE=utf8mb4_0900_ai_ci;
/*!40101 SET character_set_client = @saved_cs_client */;

--
-- Dumping data for table `disp`
--

LOCK TABLES `disp` WRITE;
/*!40000 ALTER TABLE `disp` DISABLE KEYS */;
INSERT INTO `disp` VALUES (1,101,'Математика',132,0,1,'Зачёт'),(2,201,'Биология',170,8,2,'Дифференцированный зачёт'),(3,101,'Математика',124,0,4,'Экзамен'),(8,101,'Математика',132,0,2,'Дифференцированный зачёт'),(10,102,'Иностранный язык',182,0,1,'Зачёт'),(15,102,'Иностранный язык',136,0,2,'Дифференцированный зачёт'),(16,102,'Иностранный язык',164,0,3,'Дифференцированный зачёт'),(17,102,'Иностранный язык',132,0,4,'Дифференцированный зачёт'),(18,102,'Иностранный язык',124,0,5,'Дифференцированный зачёт'),(19,102,'Иностранный язык',78,0,6,'Экзамен'),(20,301,'Численные методы',56,0,5,'Дифференцированный зачёт'),(21,301,'Численные методы',32,4,6,'Дифференцированный зачёт'),(22,302,'Дискретная математика',100,0,5,'Дифференцированный зачёт'),(23,302,'Дискретная математика',72,0,6,'Дифференцированный зачёт'),(24,103,'Физическая культура',56,0,1,'Зачёт'),(25,103,'Физическая культура',72,0,2,'Дифференцированный зачёт'),(26,103,'Физическая культура',78,0,3,'Дифференцированный зачёт'),(27,103,'Физическая культура',34,0,4,'Дифференцированный зачёт'),(28,103,'Физическая культура',38,0,5,'Дифференцированный зачёт'),(29,103,'Физическая культура',16,0,6,'Дифференцированный зачёт'),(30,103,'Физическая культура',10,0,7,'Дифференцированный зачёт'),(31,104,'Математика',130,0,1,'Дифференцированный зачёт'),(32,104,'Математика',120,0,2,'Дифференцированный зачёт'),(33,104,'Математика',146,0,3,'Дифференцированный зачёт'),(34,104,'Математика',124,0,4,'Экзамен'),(35,105,'Информатика',78,5,1,'Дифференцированный зачёт'),(36,106,'Основы программирования',102,4,2,'Дифференцированный зачёт'),(37,106,'Основы программирования',78,3,3,'Дифференцированный зачёт'),(38,107,'Зарубежная литература',56,0,1,'Дифференцированный зачёт'),(39,107,'Зарубежная литература',56,0,2,'Дифференцированный зачёт'),(40,202,'Программирование',78,0,4,'Дифференцированный зачёт'),(41,203,'Инженерная графика',56,0,4,'Дифференцированный зачёт'),(42,106,'Основы программирования',78,12,4,'Экзамен'),(43,204,'Культурология',56,0,4,'Дифференцированный зачёт'),(44,303,'Охрана труда',46,0,5,'Дифференцированный зачёт'),(45,303,'Охрана труда',46,4,6,'Дифференцированный зачёт'),(46,303,'Охрана труда',46,4,7,'Экзамен'),(47,304,'База Данных',56,6,5,'Дифференцированный зачёт'),(48,304,'База Данных',72,12,6,'Экзамен'),(49,305,'Социология',48,0,6,'Дифференцированный зачёт'),(50,306,'Человеко-машинный интерфейс',68,0,6,'Дифференцированный зачёт'),(51,307,'Компьютерная графика',102,8,6,'Дифференцированный зачёт'),(52,307,'Компьютерная графика',78,8,7,'Экзамен'),(53,308,'Основы программной инженерии',56,2,6,'Дифференцированный зачёт'),(54,308,'Основы программной инженерии',64,4,7,'Экзамен'),(55,309,'Социальная психология',42,0,6,'Дифференцированный зачёт'),(56,401,'Компьютерные системы',100,4,7,'Дифференцированный зачёт'),(57,401,'Компьютерные системы',78,0,8,'Экзамен'),(58,402,'Основы компьютерного программирования',56,2,8,'Дифференцированный зачёт'),(59,403,'Источники питания',42,1,7,'Дифференцированный зачёт'),(60,404,'Радиоавтоматика',32,0,7,'Дифференцированный зачёт'),(61,405,'Основы телевидения',68,0,7,'Экзамен'),(62,405,'Основы телевидения',68,0,8,'Дифференцированный зачёт'),(63,406,'Астрономия',10,0,8,'Дифференцированный зачёт');
/*!40000 ALTER TABLE `disp` ENABLE KEYS */;
UNLOCK TABLES;

--
-- Table structure for table `gryp`
--

DROP TABLE IF EXISTS `gryp`;
/*!40101 SET @saved_cs_client     = @@character_set_client */;
 SET character_set_client = utf8mb4 ;
CREATE TABLE `gryp` (
  `Id` int(11) NOT NULL AUTO_INCREMENT,
  `Sp_id` int(11) NOT NULL,
  `G_kyrs` int(1) NOT NULL,
  `G_number` int(1) NOT NULL,
  `G_born` int(1) NOT NULL,
  `P_id` int(11) DEFAULT NULL,
  `G_status` int(1) NOT NULL,
  PRIMARY KEY (`Id`),
  KEY `Sp_id_idx` (`Sp_id`),
  KEY `Pr_id_idx` (`P_id`),
  CONSTRAINT `Pr_id` FOREIGN KEY (`P_id`) REFERENCES `prepod` (`id`),
  CONSTRAINT `Sp_id` FOREIGN KEY (`Sp_id`) REFERENCES `specly` (`id`)
) ENGINE=InnoDB AUTO_INCREMENT=87 DEFAULT CHARSET=utf8mb4 COLLATE=utf8mb4_0900_ai_ci;
/*!40101 SET character_set_client = @saved_cs_client */;

--
-- Dumping data for table `gryp`
--

LOCK TABLES `gryp` WRITE;
/*!40000 ALTER TABLE `gryp` DISABLE KEYS */;
INSERT INTO `gryp` VALUES (1,1,1,1,8,NULL,0),(2,1,1,2,8,2,1),(3,1,1,3,8,3,1),(4,1,2,1,7,8,1),(5,1,2,2,7,5,1),(7,1,3,1,6,42,1),(9,1,3,3,6,43,1),(10,11,4,1,5,NULL,1),(14,2,1,2,8,NULL,1),(16,2,2,1,7,NULL,1),(18,2,3,1,6,7,1),(20,2,3,2,6,50,1),(22,2,4,1,5,NULL,1),(25,3,1,1,8,NULL,1),(27,3,1,3,8,NULL,1),(28,3,2,2,7,48,1),(37,4,1,1,8,NULL,1),(40,4,2,1,7,NULL,1),(43,4,3,1,6,NULL,1),(46,4,4,1,5,NULL,1),(49,5,1,1,8,NULL,1),(52,5,2,1,7,NULL,1),(55,5,3,1,6,NULL,1),(61,6,1,1,8,NULL,1),(64,6,2,1,7,NULL,1),(67,6,3,1,6,38,1),(70,6,4,1,5,4,1),(86,11,4,1,1,NULL,0);
/*!40000 ALTER TABLE `gryp` ENABLE KEYS */;
UNLOCK TABLES;

--
-- Table structure for table `kafedra`
--

DROP TABLE IF EXISTS `kafedra`;
/*!40101 SET @saved_cs_client     = @@character_set_client */;
 SET character_set_client = utf8mb4 ;
CREATE TABLE `kafedra` (
  `Id` int(11) NOT NULL AUTO_INCREMENT,
  `K_name` varchar(100) NOT NULL,
  `K_nomer` varchar(10) NOT NULL,
  `P_id` int(11) DEFAULT NULL,
  PRIMARY KEY (`Id`),
  KEY `Teacher_id_idx` (`P_id`),
  CONSTRAINT `Teacher_id` FOREIGN KEY (`P_id`) REFERENCES `prepod` (`id`)
) ENGINE=InnoDB AUTO_INCREMENT=41 DEFAULT CHARSET=utf8mb4 COLLATE=utf8mb4_0900_ai_ci;
/*!40101 SET character_set_client = @saved_cs_client */;

--
-- Dumping data for table `kafedra`
--

LOCK TABLES `kafedra` WRITE;
/*!40000 ALTER TABLE `kafedra` DISABLE KEYS */;
INSERT INTO `kafedra` VALUES (1,'Информатики и программной инженерии','0683830505',1),(2,'Языков и литературы','0572391920',2),(3,'Математики и экономики','0578888888',29),(4,'Физ. воспитания и защиты отчизны','0577728880',6),(5,'Общественных дисциплин','0683098999',NULL),(25,'Естественно-научных дисциплин','0581231231',5),(26,'Компьютерных наук','0681230009',39),(27,'Радиотехники и электроники','0671119923',NULL),(28,'Технологии обработки металлов и общетехнических дисциплин','0681293920',NULL);
/*!40000 ALTER TABLE `kafedra` ENABLE KEYS */;
UNLOCK TABLES;

--
-- Table structure for table `prepod`
--

DROP TABLE IF EXISTS `prepod`;
/*!40101 SET @saved_cs_client     = @@character_set_client */;
 SET character_set_client = utf8mb4 ;
CREATE TABLE `prepod` (
  `Id` int(11) NOT NULL AUTO_INCREMENT,
  `P_fio` varchar(50) NOT NULL,
  `P_kategory` varchar(10) NOT NULL,
  `K_id` int(11) NOT NULL,
  PRIMARY KEY (`Id`),
  KEY `O_id_idx` (`K_id`),
  CONSTRAINT `K_id` FOREIGN KEY (`K_id`) REFERENCES `kafedra` (`id`)
) ENGINE=InnoDB AUTO_INCREMENT=56 DEFAULT CHARSET=utf8mb4 COLLATE=utf8mb4_0900_ai_ci;
/*!40101 SET character_set_client = @saved_cs_client */;

--
-- Dumping data for table `prepod`
--

LOCK TABLES `prepod` WRITE;
/*!40000 ALTER TABLE `prepod` DISABLE KEYS */;
INSERT INTO `prepod` VALUES (1,'Стяглик Н. И.','1',1),(2,'Ахмедзянова О. А.','2',26),(3,'Правдина Е. М.','1',1),(4,'Сосновский В. В.','3',1),(5,'Радченко Е. П.','2',26),(6,'Федосеева А. И.','1',26),(7,'Архипцева Н. А.','2',26),(8,'Сериков В. И.','3',1),(9,'Колычева Л. Е.','3',3),(10,'Романовская И. А.','3',26),(11,'Даниленко И. В.','2',2),(12,'Пугачова О. А.','1',2),(28,'Фихлянце В. П.','3',26),(29,'Бездетко А. М.','1',26),(30,'Гордиенко О. А.','3',3),(31,'Цыганко В. В.','2',3),(32,'Хара Л. А.','3',3),(33,'Хирный А. А.','2',3),(34,'Харсун А. А.','1',3),(35,'Косенко Е. Л.','3',2),(36,'Пугачева О. А.','2',2),(37,'Даниленко И. В.','1',2),(38,'Матвеева Л. Ф.','2',2),(39,'Карнаухова Е. И.','3',2),(40,'Явтушенко Н. Г.','1',2),(41,'Еременко Т. П.','2',2),(42,'Дегтярь В. В.','2',5),(43,'Хряпина О. Г.','2',5),(44,'Могилка Н. П.','3',5),(45,'Марченко В. С.','1',5),(46,'Евдокимова М. С.','2',5),(47,'Хорунжа Н. Ю.','3',5),(48,'Черкашина И. В.','1',2),(49,'Елецкая В. Ф.','3',3),(50,'Куценко Т. А.','2',4),(51,'Белец О. А.','3',4),(52,'Мягков В. Ю.','2',3),(53,'Кених Г. М','2',28),(54,'Маркушевич Т. В.','1',27),(55,'Машута Л. А.','2',5);
/*!40000 ALTER TABLE `prepod` ENABLE KEYS */;
UNLOCK TABLES;

--
-- Table structure for table `specly`
--

DROP TABLE IF EXISTS `specly`;
/*!40101 SET @saved_cs_client     = @@character_set_client */;
 SET character_set_client = utf8mb4 ;
CREATE TABLE `specly` (
  `Id` int(11) NOT NULL AUTO_INCREMENT,
  `Sp_name` varchar(50) NOT NULL,
  `Sp_nazv` varchar(2) NOT NULL,
  `P_id` int(11) DEFAULT NULL,
  PRIMARY KEY (`Id`),
  KEY `Prepod_id_idx` (`P_id`),
  CONSTRAINT `Prepod_id` FOREIGN KEY (`P_id`) REFERENCES `prepod` (`id`)
) ENGINE=InnoDB AUTO_INCREMENT=22 DEFAULT CHARSET=utf8mb4 COLLATE=utf8mb4_0900_ai_ci;
/*!40101 SET character_set_client = @saved_cs_client */;

--
-- Dumping data for table `specly`
--

LOCK TABLES `specly` WRITE;
/*!40000 ALTER TABLE `specly` DISABLE KEYS */;
INSERT INTO `specly` VALUES (1,'Инженерия программного обеспечения','ПИ',1),(2,'Компьютерная инженерия','КИ',3),(3,'Телекомуникации и радиотехника','РТ',NULL),(4,'Отраслевое машиностроение','ОМ',7),(5,'Прикладная механика','ПМ',8),(6,'Электроника','ЕТ',45),(11,'Программная разработка','ПР',1);
/*!40000 ALTER TABLE `specly` ENABLE KEYS */;
UNLOCK TABLES;

--
-- Table structure for table `stydent`
--

DROP TABLE IF EXISTS `stydent`;
/*!40101 SET @saved_cs_client     = @@character_set_client */;
 SET character_set_client = utf8mb4 ;
CREATE TABLE `stydent` (
  `Id` int(11) NOT NULL AUTO_INCREMENT,
  `G_id` int(11) NOT NULL,
  `St_fio` varchar(50) NOT NULL,
  `St_data` date NOT NULL,
  `St_town` varchar(50) NOT NULL,
  `St_adres` varchar(100) NOT NULL,
  `St_postyp` date NOT NULL,
  `St_nomer` varchar(10) NOT NULL,
  `St_zach` varchar(7) NOT NULL,
  `St_opl` varchar(20) NOT NULL,
  `St_status` int(11) NOT NULL,
  PRIMARY KEY (`Id`),
  UNIQUE KEY `St_zach_UNIQUE` (`St_zach`),
  KEY `G_id_idx` (`G_id`),
  CONSTRAINT `G_id` FOREIGN KEY (`G_id`) REFERENCES `gryp` (`id`)
) ENGINE=InnoDB AUTO_INCREMENT=162 DEFAULT CHARSET=utf8mb4 COLLATE=utf8mb4_0900_ai_ci;
/*!40101 SET character_set_client = @saved_cs_client */;

--
-- Dumping data for table `stydent`
--

LOCK TABLES `stydent` WRITE;
/*!40000 ALTER TABLE `stydent` DISABLE KEYS */;
INSERT INTO `stydent` VALUES (1,9,'Церковный Илья Александрович','2001-03-02','Харьков','Салтовское Шоссе 260, 34','2018-09-01','0683830505','2141231','Контракт',1),(2,10,'Кулешов Дмитрий Сергеевич','2000-10-18','Харьков','Амосова 27, 41','2015-09-01','0660889850','2051617','Бюджет',1),(3,9,'Довготько Вадим Вадимович','2001-04-18','Харьков','Героев Труда, 20Б, 32','2016-09-01','0671363060','1971617','Бюджет',1),(4,1,'Цокота Илья Олегович','2000-10-09','Изюм','ул. Героев - Чернобыльцев, 2','2018-09-01','0990482560','2201617','Контракт',0),(12,86,'Алтинников Алескандр Сергеевич','1995-03-08','Прилуки','Жневецкая 14, 15','2012-01-01','0982748129','0011011','Бюджет',2),(13,86,'Билим Дмитрий Сергеевич','1995-07-06','Одесса','ул. Эйдемана 42','2012-01-01','0939282829','0021011','Контракт',2),(14,86,'Василенко Евгений Сергеевич','1996-02-15','Харьков','ул. Сумская 17/81','2012-01-01','0973282929','0031011','Бюджет',2),(15,86,'Гуро Татьяна Андреевна','1995-07-14','Днепр','ул. Присоцкая 14, 1','2012-01-01','0930010032','0041011','Контракт',2),(16,86,'Данчук Денис Викторович','1995-07-05','Львов','ул. Гвардейцев Широнинцев 10, 11','2012-01-01','0681929022','0051011','Бюджет',2),(17,86,'Василенко Елена Владимировна','1995-02-16','Харьков','ул. Сумская 17/81','2012-01-01','0639191922','0061011','Контракт',2),(18,86,'Евграшин Алексей Валерьевич','1995-02-16','Одесса','ул. Отомана 14','2012-01-01','0672828282','0071011','Контракт',2),(19,86,'Евсеенко Александр Евгеньевич','1994-03-31','Артемовск','Нижняя Лозовая 16, 17','2012-01-01','0660999888','0081011','Контракт',2),(20,86,'Жуков Вадим Евгеньевич','1996-06-15','Житомир','Харьковская 1, 1','2012-01-01','0931901684','0091011','Бюджет',2),(24,86,'Зубков Андрей Сергеевич','1996-12-31','Красноград','Львовская 13, 4','2012-01-01','0982828399','0101011','Бюджет',2),(25,86,'Иванов Ян Глебович','1996-05-03','Градск','Болозная 14','2012-01-01','0671829990','0111011','Бюджет',2),(26,86,'Кальницкий Александр Сергеевич','1995-08-24','Запорожье','Братиславская 13, 22','2012-01-01','0987839201','0121011','Контракт',2),(27,86,'Коваленко Сергей Сергеевич','1995-04-12','Одесса','Приморская 14,15','2012-01-01','0982829299','0131011','Контракт',2),(28,86,'Коловоротний Алексей Владиславович','1995-07-07','Харьков','ул. Салтовское Шоссе 192, 14','2012-01-01','0938219283','0141011','Контракт',2),(29,86,'Космич Анна Алексеевна','1996-03-15','Харьков','Героев Труда 14, 15','2012-01-01','0982719238','0151011','Контракт',2),(30,86,'Лашко Сергей Сергеевич','1995-04-21','Харьков','Пр. Гагарина 10, 11','2012-01-01','0938129838','0161011','Контракт',2),(31,86,'Мазуренко Татьяна Викторовна','1996-06-01','Харьков','Большевицкая 72, 13','2012-01-01','0571828391','0171011','Контракт',2),(132,3,'Слыва Виталий Виталиевич','2000-10-20','Купянск','ул. Гобойская 32, 45','2018-09-01','0999689962','0011617','Бюджет',1),(134,10,'Марченко Владислав Сергеевич','2001-05-04','Харьков','ул. Тошо 32','2015-09-01','0988661577','0021617','Контракт',1),(136,46,'Кишка Алина Сергеевна','2001-09-12','Харьков','ул. Мизонская 48, 12','2015-09-01','0671892398','0031617','Контракт',1),(137,46,'Кандуба Полина Александровна','2001-04-03','Харьков','ул. Григорьевская 1','2015-09-01','0571923919','0041617','Бюджет',1),(138,10,'Иванов Максим Иванович','2001-03-12','Брно','ул. Ламар 96, 12','2015-09-01','0671239182','0051617','Бюджет',1),(139,3,'Строкова Дарья Сергеевна','2001-07-29','Харьков','ул. Энштейна 68, 32','2018-09-01','0639182329','0061617','Контракт',1),(140,28,'Пильгуй Михаил Васильевич','2000-12-12','Харьков','Пр. Хайлей 12, 44','2017-09-01','0981287312','0071617','Бюджет',1),(141,10,'Жерновников Александр Александрович','2000-08-08','Руская Лозовая','ул. Советская','2015-09-01','0970107260','0081617','Бюджет',1),(142,10,'Лиман Вячеслав Иванович','2000-10-15','Харьков','ул. Диней 1','2015-09-01','0677899483','0091617','Бюджет',1),(144,2,'Демченко Егор Вадимович','2000-11-14','Харьков','ул. Норманская 92, 12','2018-09-01','0972354088','0101617','Бюджет',1),(145,20,'Солодовников Максим Насырович','2001-05-12','Харьков','Пр. Урри 78, 12','2016-09-01','0985534797','0111617','Бюджет',1),(146,20,'Бабак Кирилл Владиславович','2001-04-01','Харьков','ул. Фроньская 92, 4','2016-09-01','0639182322','0121617','Контракт',1),(148,14,'Серебрянская Алина Алексеевна','2000-12-01','Красноград','ул. Лавросс 9/12, 56','2018-09-01','0682398412','0131617','Контракт',1),(149,14,'Романович Игорь Олегович','2001-04-19','Харьков','ул. Фейса 3, 12','2018-09-01','0631982398','0141617','Бюджет',1),(150,2,'Рубан Михаил Степанович','2000-06-09','Харьков','ул. Жерган 56','2018-09-01','0971283928','0151617','Бюджет',1),(152,20,'Панков Даниил Сергеевич','2000-10-01','Харьков','ул. Домбайская 67, 44','2016-09-01','0639129329','0161617','Контракт',1),(153,10,'Пасько Руслан Владимирович','2000-09-05','Харьков','Пр. Аллион 4','2015-09-01','0681293828','0171617','Бюджет',1),(154,2,'Шелестюк Валерия Викторовна','2000-09-06','Харьков','ул. Киппера 82, 14','2018-09-01','0671982391','0181617','Контракт',1),(155,2,'Яременко Никита Данилович','2001-06-03','Харьков','ул. Цезаря 12','2018-09-01','0681928392','0191617','Бюджет',1),(156,2,'Конев Михаил Максимович','2002-05-03','Харьков','ул. Пейская 84, 1','2018-09-01','0571290320','0201617','Бюджет',1),(157,20,'Горошко Анастасия Олеговна','2000-09-01','Харьков','Пр. Сатчимо 1, 1','2016-09-01','0639812392','0211617','Контракт',1),(158,28,'Городничев Глеб Васимович','2002-01-01','Харьков','ул. Далтонская 4, 82','2017-09-01','0939811232','0221617','Контракт',1),(159,14,'Биленко Данила Вадимович','2002-03-16','Харьков','ул. Ксарос 4, 11','2018-09-01','0682395810','0231617','Бюджет',1),(160,40,'Верховод Андрей Иванович','2001-05-02','Харьков','ул. Винсер 92, 12','2017-09-01','0638192382','0241617','Контракт',1),(161,40,'Черновол Даниил Олегович','2001-12-25','Харьков','ул. Тайманская 9, 91','2017-09-01','0639120993','0251617','Контракт',1);
/*!40000 ALTER TABLE `stydent` ENABLE KEYS */;
UNLOCK TABLES;

--
-- Table structure for table `yspeh`
--

DROP TABLE IF EXISTS `yspeh`;
/*!40101 SET @saved_cs_client     = @@character_set_client */;
 SET character_set_client = utf8mb4 ;
CREATE TABLE `yspeh` (
  `Id` int(11) NOT NULL AUTO_INCREMENT,
  `St_id` int(11) NOT NULL,
  `P_id` int(11) NOT NULL,
  `D_id` int(11) NOT NULL,
  `Y_data` date NOT NULL,
  `Y_ball` int(1) NOT NULL,
  PRIMARY KEY (`Id`),
  KEY `St_id_idx` (`St_id`),
  KEY `P_id_idx` (`P_id`),
  KEY `D_id_idx` (`D_id`),
  CONSTRAINT `D_id` FOREIGN KEY (`D_id`) REFERENCES `disp` (`id`),
  CONSTRAINT `P_id` FOREIGN KEY (`P_id`) REFERENCES `prepod` (`id`),
  CONSTRAINT `St_id` FOREIGN KEY (`St_id`) REFERENCES `stydent` (`id`)
) ENGINE=InnoDB AUTO_INCREMENT=209 DEFAULT CHARSET=utf8mb4 COLLATE=utf8mb4_0900_ai_ci;
/*!40101 SET character_set_client = @saved_cs_client */;

--
-- Dumping data for table `yspeh`
--

LOCK TABLES `yspeh` WRITE;
/*!40000 ALTER TABLE `yspeh` DISABLE KEYS */;
INSERT INTO `yspeh` VALUES (2,2,4,2,'2019-01-20',3),(7,3,2,3,'2019-04-25',4),(12,4,2,8,'2019-04-25',5),(144,1,1,10,'2019-01-20',3),(145,1,4,15,'2019-04-25',5),(146,1,7,21,'2019-04-25',4),(147,1,1,32,'2019-01-20',3),(148,1,8,33,'2019-01-20',4),(149,1,12,1,'2019-04-25',3),(150,2,32,3,'2019-04-25',5),(151,2,4,10,'2019-04-25',5),(152,2,46,22,'2019-01-20',5),(153,2,47,23,'2019-01-20',5),(154,2,32,25,'2019-01-20',5),(155,3,1,1,'2019-01-20',5),(156,3,2,2,'2019-01-20',4),(157,3,3,3,'2019-01-20',5),(158,4,5,1,'2019-01-20',4),(159,4,7,3,'2019-01-20',3),(160,4,2,2,'2019-04-25',3),(161,4,1,1,'2019-01-20',4),(162,4,12,2,'2019-04-25',5),(163,12,32,3,'2019-01-20',5),(164,12,29,8,'2019-04-25',5),(165,13,43,15,'2019-04-25',4),(166,13,45,20,'2019-01-20',5),(167,13,12,21,'2019-01-20',5),(168,14,44,21,'2019-01-20',4),(169,15,43,23,'2019-04-25',3),(170,15,43,52,'2019-04-25',4),(171,16,43,56,'2019-04-25',4),(172,16,36,10,'2019-01-20',5),(173,25,32,10,'2019-04-25',4),(174,26,36,2,'2019-01-20',5),(175,26,37,3,'2019-04-25',5),(176,27,38,23,'2019-01-20',4),(177,27,32,25,'2019-04-25',5),(178,28,31,1,'2019-01-20',4),(179,29,28,2,'2019-01-20',3),(180,30,1,8,'2019-01-20',4),(181,132,2,10,'2019-04-25',4),(182,132,1,16,'2019-04-25',5),(183,132,1,42,'2019-01-20',4),(184,132,3,34,'2019-01-20',3),(185,132,10,37,'2019-04-25',4),(186,136,11,38,'2019-04-25',4),(187,136,28,1,'2019-01-20',4),(188,136,39,3,'2019-01-20',5),(189,136,39,8,'2019-04-25',5),(190,136,41,2,'2019-01-20',5),(191,136,1,22,'2019-01-20',4),(192,136,3,28,'2019-04-25',4),(193,137,2,32,'2019-04-25',3),(194,137,6,1,'2019-01-20',4),(195,138,5,15,'2019-01-20',5),(196,140,29,24,'2019-04-25',4),(197,141,36,34,'2019-04-25',5),(198,141,1,37,'2019-04-25',5),(199,142,1,61,'2019-04-25',4),(200,148,1,62,'2019-01-20',5),(201,149,36,63,'2019-01-20',4),(202,149,35,62,'2019-01-20',5),(203,149,34,61,'2019-04-25',4),(204,149,33,1,'2019-04-25',3),(205,149,33,2,'2019-01-20',4),(206,150,33,8,'2019-01-20',3),(207,150,38,10,'2019-01-20',3),(208,150,41,3,'2019-04-25',4);
/*!40000 ALTER TABLE `yspeh` ENABLE KEYS */;
UNLOCK TABLES;

--
-- Dumping events for database 'uchast'
--

--
-- Dumping routines for database 'uchast'
--
/*!40103 SET TIME_ZONE=@OLD_TIME_ZONE */;

/*!40101 SET SQL_MODE=@OLD_SQL_MODE */;
/*!40014 SET FOREIGN_KEY_CHECKS=@OLD_FOREIGN_KEY_CHECKS */;
/*!40014 SET UNIQUE_CHECKS=@OLD_UNIQUE_CHECKS */;
/*!40101 SET CHARACTER_SET_CLIENT=@OLD_CHARACTER_SET_CLIENT */;
/*!40101 SET CHARACTER_SET_RESULTS=@OLD_CHARACTER_SET_RESULTS */;
/*!40101 SET COLLATION_CONNECTION=@OLD_COLLATION_CONNECTION */;
/*!40111 SET SQL_NOTES=@OLD_SQL_NOTES */;

-- Dump completed on 2019-04-30 22:43:42
